{"cameraMode":{"drawMode":0,"name":"Shaded","section":"Shading Mode"},"sceneLighting":true,"audioPlay":false,"sceneViewState":{"m_AlwaysRefresh":false,"showFog":true,"showSkybox":true,"showFlares":true,"showImageEffects":true,"showParticleSystems":true,"showVisualEffectGraphs":true,"m_FxEnabled":true},"in2DMode":false,"pivot":{"x":1110.9588623046875,"y":1220.93994140625,"z":1111.5780029296875},"rotation":{"x":0.06397517770528794,"y":-0.9358998537063599,"z":0.25180914998054507,"w":0.23814186453819276},"size":2.9958741664886476,"orthographic":true}